[{"tipo":"ContaComum","dono":{"senha":"123","name":null,"cpf":123},"numero":1,"extrato":"Credito: 101.0. Saldo: 101.0\nCredito: 101.0. Saldo: 202.0\nCredito: 101.0. Saldo: 303.0\nCredito: 101.0. Saldo: 404.0\nCredito: 101.0. Saldo: 505.0\nCredito: 9.0. Saldo: 514.0\nCredito: 101.0. Saldo: 615.0\nCredito: 101.0. Saldo: 716.0\nCredito: 101.0. Saldo: 817.0\nCredito: 101.0. Saldo: 918.0\nCredito: 101.0. Saldo: 1019.0\nCredito: 101.0. Saldo: 1120.0\nCredito: 9.0. Saldo: 1129.0\nCredito: 101.0. Saldo: 1230.0\nCredito: 101.0. Saldo: 1331.0\nCredito: 101.0. Saldo: 1432.0\nCredito: 101.0. Saldo: 1533.0\nCredito: 101.0. Saldo: 1634.0\nCredito: 101.0. Saldo: 1735.0\nCredito: 9.0. Saldo: 1744.0\nCredito: 101.0. Saldo: 1845.0\n","saldo":1845.0},{"tipo":"ContaComum","dono":{"senha":"456","name":null,"cpf":456},"numero":2,"extrato":"Credito: 100.0. Saldo: 100.0\nCredito: 100.0. Saldo: 200.0\nCredito: 100.0. Saldo: 300.0\nCredito: 100.0. Saldo: 400.0\nCredito: 100.0. Saldo: 500.0\nCredito: 100.0. Saldo: 600.0\nCredito: 100.0. Saldo: 700.0\nCredito: 100.0. Saldo: 800.0\nCredito: 100.0. Saldo: 900.0\nCredito: 100.0. Saldo: 1000.0\n","saldo":1000.0}]